gene,AGH,CFB,CGC,CHC,HPB,Overall
EIF6,49.77850033322856,91.12268942988639,89.24640629705087,65.83655528522048,82.08395470522176,75.61362121012161
PDE6D,71.3447421134226,100,95.19334298267943,56.389212821483646,50.26154110247264,74.63776780401166
CDK6,74.07164707051408,91.79950903432967,48.0115988039491,72.2138208647432,66.6428458919167,70.54788433309055
SULT1B1,63.13845884674066,88.51189793059261,76.85075718384736,60.68205573663646,61.959158854043835,70.22846571037219
RUFY1,48.230159780863225,70.09965057859856,75.60631647505069,56.202611507518895,86.3790956119313,67.30356679079253
ZC3H12D,76.85266802027473,62.66260396311702,77.0254106605339,53.51928739304223,63.75451541022517,66.76289708943861
CPSF2,50.28272739401189,80.982250535448,53.4234998740445,91.16000088965802,55.84938922263946,66.33957358316037
ZMAT2,62.65684028661332,91.19938983408483,86.12832095242209,40.08161561431279,51.15974028649346,66.24518139478529
YWHAE,63.976910424143,78.01469758256388,54.62001262281475,63.846008767080285,57.96711224884954,63.68494832909029
LYPD6B,33.73982728554394,75.41365154891952,68.14107057623987,53.23132721788495,77.24073025305674,61.553321376329
CD72,76.19692931587662,59.52179107611122,55.98044580897662,49.26677003691269,66.7319656082492,61.53958036922527
RAB3D,44.99001576698706,75.41847576745548,65.85222124373857,82.68190129607194,38.543994081021104,61.49732163105483
ATP5PD,78.56857911209102,64.62924864014886,65.2888884873982,42.8249424566063,56.05894873652007,61.47412148655289
OR51F1,50.041923723889845,76.58270559510191,55.452066627625754,82.67947575081891,37.91315472583033,60.53386528465335
ZNF567,66.1704908220189,76.04125299928967,49.87275304037944,31.129127312370365,79.26714033596728,60.496152902005136
OTC,35.877903067015666,74.97749742273282,71.51235163459448,65.94820097351553,50.41902898094068,59.74699641575984
EXOSC10,72.10069807553221,86.18884293910135,30.507962900495794,46.37643184899138,58.49134940793669,58.73305703441149
PODNL1,63.771242142872595,52.46788176864457,53.28888436800134,49.38614221409395,66.93533525123327,57.16989714896914
ANKRD63,47.273017343030304,64.2570873170603,49.253589306594684,71.54333070399102,53.27867140930628,57.121139215996514
MACC1,53.716479616613114,66.01418119650894,68.92747914678444,33.86613744568954,62.213955035191006,56.94764648815741
C6orf132,55.75002186103263,64.99560723921275,39.11893714306001,52.4821764200196,70.89950190402013,56.64924891346902
CCNYL1B,45.702140901386805,44.080947960663636,67.84181000084246,68.72582378219003,56.414794326041616,56.55310339422491
CDC42SE1,47.47068579193371,72.3523903235264,45.26775588646063,39.37209544966531,77.08104081700444,56.3087936537181
CLK3,54.511437347058134,61.287006386605256,64.30843905909882,62.20757060054349,39.01969958122766,56.26683059490667
PEPD,35.27874624072913,68.50424779390761,65.19892921032326,52.01477733738552,59.8248080844335,56.1643017333558
MND1,71.1337246601417,55.78823459116824,42.38431102535439,52.72477135293408,54.65542091862328,55.337292509644335
MCM8,47.408878185312,60.76515966841086,60.43649629729775,54.47392983875393,53.37913910550958,55.29272061905682
DECR2,44.0714265978894,41.863396939605984,55.7618595556439,54.89653060596397,77.10452660545015,54.73954806091068
ERO1B,45.155531509721094,80.68808241520871,64.07034613846871,57.73429023019251,25.722474197613465,54.6741448982409
RBKS,46.26775185325195,60.68929465678134,44.316834673540775,58.50245194923603,61.39736674785081,54.23473997613218
PPP4R4,67.53987219562121,55.99565101745899,45.92515944459607,46.5811129570579,47.18851475645752,52.64606207423834
ODAPH,49.6149980369914,55.011578127895376,86.71357885756508,57.16866457266856,12.377257468009166,52.17721541262592
CKAP5,45.94694443798254,84.25769061067717,75.80134112153189,33.89256539365181,16.6236456439838,51.30443744156544
NCK2,46.18413042306005,59.36475784654242,61.08980284416585,35.78391042957747,53.745748385424854,51.233669985754126
TRIM58,48.62802296646285,66.97017919152309,40.58147452824297,47.72426792340467,52.23507918691242,51.2278047593092
FLNA,55.75808317685714,66.40873902943466,56.75134751341372,41.8002587970883,34.94815410628046,51.133316524614855
SLC35G1,58.262975145395856,55.22107090451128,50.880258099143816,46.2010299687428,44.03569913059401,50.92020664967755
HOXB13,39.07893329661676,44.66515220176731,63.90907184736471,53.837353106334184,52.156393269958315,50.72938074440825
LY86,45.51770494142433,61.36412942584517,50.5110419838223,33.61995177768071,60.034444806891564,50.20945458713282
TBKBP1,60.851750176635065,44.306286924336106,59.72439027091189,42.2525866377151,43.679911179947524,50.16298503790914
SSR3,69.13756733489984,70.68971043822091,24.458499362082936,29.367971835694085,55.64263149492663,49.85927609316488
TIGD1,34.772972190661264,50.69878986506264,61.95440015425376,52.52565925949698,45.330092422860176,49.05638277846697
RPL14,25.927258062372083,62.70578260910595,46.85062961807818,66.1461814672836,43.498617625293406,49.025693876426644
ELOB,47.417944769113966,42.58753832296631,41.42774929169302,39.92439334707369,73.64957518903165,49.001440183975724
ANKIB1,65.51815969783561,55.6532289621894,33.52710887701299,47.539382923011765,40.19199250781125,48.4859745935722
RUNX3,36.29747658348692,53.80388074547815,47.28526854045495,64.2109519754959,39.65266912106214,48.25004939319561
CACNA2D2,49.8569169353395,46.81395056684175,63.19994520851985,37.36814202644352,44.003294567692215,48.24844986096737
RAB32,39.05323647384834,44.46703287833859,51.98413240831452,36.47359668648417,68.59684371892017,48.11496843318116
LGALS16,34.61396902333883,23.98403120500351,70.09965736241772,56.31858002226674,53.33568302335171,47.6703841272757
BBOX1,59.33435537400843,34.32411153613221,60.40286363271997,36.3832437003736,45.66289315365914,47.22149347937867
SCGB1A1,53.62170051767815,40.956535108381935,47.98878716589427,46.5906280866661,45.98955617792801,47.02944141130969
NPIPB13,25.33470177841139,82.8958585184005,46.483086502473355,63.4415434436187,16.639263571319432,46.958890762844675
COPZ2,43.20513837103835,43.84261958713768,40.25324311197962,61.162288412475576,45.921538404482526,46.87696557742275
TAPT1,55.69573852794956,55.93077217906782,37.59919156556607,37.4311157102503,46.79511654799365,46.69038690616548
NID2,48.143883302516564,49.688513078668436,34.45171413886665,54.626106621170536,45.47367014512286,46.47677745726901
SMARCB1,33.36758777511037,58.81352649104515,37.999294563225824,42.030099441463896,58.49661539967115,46.14142473410328
PACRG,47.52463356574601,42.08272464102806,36.84434516359259,65.0953010930799,37.176631732697075,45.74472723922872
CDK10,35.541324065155486,74.32739004636989,32.0892829645755,64.84881095756198,21.282438552182025,45.617849317168975
NMNAT3,38.675354522247154,48.99727259406145,53.99434668422738,44.69455964257076,40.029571312849235,45.278220951191194
CFAP97D2,34.93208153755047,57.090606077024255,45.321107104937035,62.12483265103914,26.695635732667373,45.232852620643655
CAPN10,42.97689798084866,54.379938148094695,22.437832055531874,47.53816130367443,58.295998967908126,45.125765691211555
CFB,57.20377208472449,48.199371728757235,22.392950671979612,40.98848174970829,54.061378990665624,44.56919104516705
MOB3C,47.568536178702146,51.85455687866457,58.86295732124584,47.46523121476791,16.994420865610415,44.54914049179818
CT47A10,32.8525411336501,34.55112820313737,63.1649450349902,51.372921631586735,40.18584788443564,44.42547677756001
NASP,22.567973934448133,55.12863622786299,63.746029089951406,37.30116052214461,42.3122087261331,44.21120170010805
LYST,51.162597225098395,18.032339678809585,58.06974343671332,46.95342438133009,46.74403005436819,44.19242695526391
WHAMM,31.193202496164613,58.07944257038069,21.15475329848011,60.76295870067838,48.72391687832988,43.98285478880673
HTRA4,54.53455809633433,50.6124299371156,35.08160536289869,34.48654632977161,43.626615927576076,43.66835113073926
PELO,41.50292181172613,54.39819232552664,39.377711817842034,31.1089077353777,50.804370278475865,43.438420793789675
CBR1,54.72081899953285,45.072141386544885,23.094218456466713,48.20884227691363,43.61433354199368,42.94207093229035
IFNA17,38.79381865030985,48.60531201718122,22.70911816627293,51.02701573555544,53.10701889682247,42.84845669322838
KLK3,33.00897872230695,25.371728399183645,63.1875794328394,23.92016176534515,67.61813997252376,42.62131765843978
BMP3,48.596985364980206,25.19986152437114,63.07978603556551,57.398457086004676,18.114543502090356,42.477926702602375
FOXJ3,25.341883369650237,60.449265834950964,37.1666447882807,33.068859958739324,54.167517576963476,42.03883430571694
KCNRG,31.828188703055936,53.0198814862831,33.80333479013377,46.69531786539585,43.818349079666895,41.83301438490711
RAP1GAP,33.17132963326649,88.20505825707649,10.412999912925114,62.03233519317356,15.167370749631267,41.797818749214585
UBR3,34.68825818916448,22.429989941863365,41.578619684201975,61.84912912493572,48.07476551629404,41.72415249129192
ARTN,32.69262006614358,36.3759018551982,42.17334192331327,52.925795328699756,43.33484165951464,41.500500166573886
DCAF11,42.902897416333055,50.10559522024387,32.781504805402065,34.35499221414004,46.99089963408113,41.42717785804003
SUSD3,57.763370949395835,49.61915678422981,26.918340616849367,48.09183091747542,23.832573848056377,41.24505462320136
DPT,36.96070503392937,32.663098221728596,36.16834175245459,58.66413901721922,41.719783950916266,41.23521359524961
C13orf46,30.66908688345861,65.24815210259999,24.328010084373084,62.66151274073447,22.79986430457176,41.14132522314758
HIVEP2,41.66404539497318,54.72797674495467,50.4363286457997,24.722689236016283,32.77548306289976,40.86530461692872
TMEM114,23.10247494490653,36.614608090727145,43.71539143871078,46.89829762181944,53.7613101591913,40.81841645107104
PRAMEF20,46.11362963659866,53.79592233654401,32.43319426952834,39.53117718238852,31.812492150564903,40.73728311512489
RNPEPL1,50.16971357362646,35.57300354510845,42.99868736380666,40.163180940699576,34.70292567746739,40.72150222014171
TSC22D4,35.02988670231827,43.51812183183313,40.44270660288633,44.688586463502006,39.13674140373687,40.56320860085532
DENND6B,34.6762429345021,31.128482507926957,46.11661835299243,44.9104888432824,44.78096907686037,40.322560343112855
CDCA8,39.45373630838413,45.90710093121441,19.63538817781053,56.94580894640692,39.21933613590243,40.23227409994368
TAF9,25.948133312260225,39.15697530941263,56.651791134219785,32.107261089796914,46.633919821879665,40.09961613351384
RNF216,30.555324150271947,39.48217966733339,38.67398305451511,43.73532684765632,47.759736272361565,40.041309998427664
PRDM15,31.925739058207576,46.5129745103564,52.140944650786146,31.491017437768086,36.07158352182199,39.62845183578804
INHBE,51.640876194117936,39.073030845412895,43.2438567711366,26.50914820677601,37.45699806412595,39.58478201631388
RHOBTB1,26.4699479068537,39.27757950550911,53.29746039505875,32.97481340473318,45.79673623117512,39.56330748866597
TAF11L5,40.3581313202005,26.58910503908767,39.72838888946595,43.69653968893337,46.486540433250035,39.371741074187504
MYH2,34.301684678760296,39.23086611304619,63.66520905367275,24.52155572244254,35.05044331851004,39.35395177728636
SAXO1,34.85029491983575,29.74687227512016,36.064719622013655,57.56870208259899,38.48282498116479,39.34268277614667
TUBB3,37.623008093697244,51.315831411604584,21.17180588455283,49.72970209803816,36.42510502485608,39.25309050254978
EVI5,30.259776475913696,37.64130115159821,34.4684461621994,47.77130048422066,43.59267808077302,38.746700470941
HNRNPF,43.54166274858681,37.828209067267814,25.970071879782004,41.61376528673092,44.56238750005963,38.703219296485436
TWNK,28.144738854017028,45.52717421572408,45.4819899363399,50.869453335833214,22.08470164757029,38.421611597896906
COMMD9,44.84529593613769,63.22970514902959,29.423436380044404,39.52950111023724,14.983505316063486,38.402288778302484
UXT,31.45268439430538,37.14337412037318,38.44310098615463,43.32138576441455,41.341016644569265,38.3403123819634
INTU,46.35125770905228,24.04034217161438,36.040288427222684,39.875496329010765,44.95798187966958,38.25307330331394
CYB561,50.249883738812485,33.3476609750107,35.21014320427102,33.74880361243021,37.88616791846532,38.08853188979795
PANK3,45.01120522573533,45.42076407482034,42.913755121358385,26.584158068510426,29.459974786546134,37.877971455394125
POLR2J2,46.88348573935415,42.55356585409565,35.47921120342134,23.118368090558995,40.48607618488275,37.704141414462576
COX7B,40.079005613002415,35.92437473953184,36.489405975737874,49.783551106488225,24.029361791126963,37.26113984517747
TTF2,34.613505549527154,33.80843866077189,42.900856648660266,43.479597506144266,31.044734830580474,37.16942663913681
ACSM3,42.6041261026988,39.78891439682961,23.751110374878543,38.213596744164796,40.64714072545754,37.00097766880586
TEX55,28.278560488576655,37.54540863555251,50.59532659426061,33.912998676663996,34.445982779475756,36.95565543490591
TMED5,25.89342205714487,34.802222369747746,52.431110332195765,23.987724356350295,47.208962202342036,36.86468826355614
H3C12,40.85411410598723,49.23229769465807,27.261377312340308,26.69656231785981,40.03695754907611,36.8162617959843
DDX42,34.38721192282655,46.07245612457596,25.74083487315671,34.51031277235258,42.47631048665419,36.6374252359132
DLEC1,38.83690452204293,50.91452559057611,21.169312545423264,40.364057368912775,30.63871999646472,36.38470400468396
LRP4,50.13528801044478,29.23768730611836,30.473340052634217,33.42678534854497,38.64350095777196,36.38332033510286
SMC5,27.183608283604094,39.32350101931883,31.2422835933112,41.26490710103556,42.28188869409181,36.2592377382723
FHL2,36.097840068065835,34.44050135058356,43.32532269841003,24.032424956328104,43.18362310421463,36.21594243552043
HSPH1,31.440489757339137,30.40273669046571,39.7963663263673,34.5319617690673,44.47183441877331,36.12867779240255
TMEM255A,49.60777256962849,30.08799047497349,26.230897876352323,35.03626712494042,39.308294251250366,36.054244459429015
TGS1,44.08783839026773,54.5608141355683,26.974476461730085,37.31815169487348,16.203021243504764,35.82886038518887
TTLL3,36.14788332481267,49.183011863476956,25.419492635960527,53.48835683436103,14.283491700802958,35.70444727188283
ATG5,34.91872058687321,50.8180414780971,15.022544207051315,36.55928419698111,40.51433115993322,35.56658432578719
ACSM2A,26.078215806970185,23.398041551555682,45.18451117945218,33.36411080829715,49.741837728907,35.55334341503644
FBXO3,36.4195782524155,42.552953307925826,43.415811738092586,24.079695226163107,31.068046691610657,35.50721704324153
STAG3,30.566272624351775,32.04787037913505,33.17127810366405,44.96482885228523,35.61933347156313,35.27391668619985
NFASC,18.32466553326694,30.277676770920397,43.891844894639476,36.47429013377373,45.980341927808865,34.98976385208188
VEGFD,35.9075488723286,46.03382925786603,24.668877431329896,31.060709446607397,36.73801036355708,34.8817950743378
TSR2,37.86752643213332,29.911077149624642,37.13012635943995,36.331739415591436,32.68640208955823,34.78537428926951
CNN2,18.251239167974358,30.692316989131424,43.00607639293892,41.22822575081735,39.780566152764834,34.591684890725375
LGI4,23.789336323655636,28.806196761899646,35.514288472155215,48.710923674136914,35.94375920890478,34.55290088815044
RALBP1,32.713797966886425,52.624211302186566,21.7888834243346,44.191366316728036,20.844636926115943,34.43257918725031
XNDC1N,26.715978888131627,22.77526623886018,54.40859883780931,13.603934729561459,54.40842197212802,34.38244013329812
SLC6A18,59.82369946678031,40.58060160455138,27.003590441694847,22.818562690071236,19.41759853965222,33.92881054855
LYRM4,46.407955047454095,38.58577987878987,4.166380815226659,35.79771784162446,44.263290043812646,33.844224725381544
SF3A3,38.54295906964001,33.38014650672109,21.268657489330206,44.133076080850806,31.553504657788622,33.77566876086615
VWC2L,38.11779347589816,48.78371228012924,11.625713174660344,46.325545232367276,21.927195038441745,33.35599184029935
OR6C74,39.24169912096636,41.15881140962516,43.240506058663584,12.909258284647304,28.892882362024807,33.08863144718544
CCER2,27.753593724585524,7.254124070804796,39.47359199957461,30.688446468164663,59.81117814717823,32.996186882061565
TADA1,24.06668230107879,17.63246466267307,42.75980050352955,39.11879903102395,40.00037693382274,32.71562468642562
MIB1,34.63045270411324,33.96966975730474,36.085699624032586,28.996200711769028,29.869737770820727,32.71035211360807
FIGNL1,47.74151172838124,21.93602659437246,37.16262793501828,24.580113711709135,32.054552997600716,32.69496659341637
GRIFIN,30.62289344210103,44.34377195770664,35.17284689857266,27.860872744301407,25.431438634229846,32.68636473538232
ZNRF2,39.49629695646407,38.185011393524846,15.933076140811176,34.53994818616749,34.14243308871606,32.45935315313673
RBMX2,32.400196735336046,32.19527457618972,38.579678222956524,35.205978336798,23.843595526817573,32.444944679619574
ZFAND4,46.735140095778235,39.001281567342126,20.990063934044052,41.764743670773335,13.409535439507072,32.380152941488966
UBL3,31.67795749551129,21.757512912134892,47.514890382589876,29.983033977112743,30.076215991231575,32.201922151716076
MRPS7,34.26696342180776,41.23103932359978,21.37639122715,33.45023040162694,30.417605767370866,32.14844602831107
LYPLA1,11.906229921486826,33.7848797937105,35.16204009967936,28.932776345640555,50.61855379400559,32.080895990904565
PORCN,32.393963554316024,30.368821906734794,31.86496127169354,33.94574043956089,31.773719099784042,32.06944125441786
TTC31,36.25220458241407,27.60026177543957,25.64590438683959,35.175678473327025,35.00202538421001,31.935214920446054
HTRA3,22.214085042785626,43.86284071702897,22.571369782362897,37.77724527520872,32.999089717997236,31.88492610707669
TCEANC2,29.08774620696776,22.07753464352952,32.18547281007023,28.275843853927462,47.04828137043783,31.73497577698656
GFRA4,46.84317889807439,38.58079229687285,20.796333997666178,26.158041488311756,25.98289467281274,31.672248270747584
BNIP1,42.39988975173225,32.036657901289054,31.5172031352904,25.652352563770187,26.65803978622933,31.652828627662245
ATE1,45.19485782700668,25.71122563891624,40.92165435162746,10.880256827843194,35.19036429143338,31.579671787365392
G6PC1,41.42351158709662,33.27564918631744,17.977611721302775,34.390752092186375,30.808378053498327,31.575180528080306
ABL1,39.96318688587909,49.5029758778546,15.663993928308015,34.88565679291909,17.718245187611444,31.54681173451445
DUX1,17.387800590496724,23.926222230017757,35.99331653675101,44.162999697027495,35.83829105415852,31.4617260216903
DNAJB5,31.718950039413095,38.86218828173071,30.103214752559072,25.94563641496463,30.448249734866767,31.415647844706854
KIR2DS4,34.28578394088242,42.1918529073374,25.714317329055405,20.727254734925044,34.14045836968078,31.411933456376207
PTK7,28.70580933472544,37.19219939137688,42.37950838520062,15.771038819118289,32.9695586489645,31.403622915877147
OR6C6,38.06289632080046,40.464603210459835,10.616192977146117,28.5061163556596,39.109540791750085,31.35186993116322
HAUS3,21.732262565707295,30.034778639094366,34.61294716145271,26.489638191880054,43.88391700053589,31.35070871173406
RPL19,38.340589724254315,35.40239467563066,37.40056887164337,30.68857483371361,13.351048177276192,31.03663525650363
H2BC12,27.750445160080282,34.93024205656464,22.199444750336124,39.28163314846888,30.885381218463827,31.00942926678275
LHFPL3,33.46714341453287,25.503905449173953,35.73976817993487,23.894319269558377,35.70761096893047,30.86254945642611
AKAP12,27.99799980544587,40.663633684899686,27.038565400490917,32.81652807572842,25.74325979696298,30.851997352705574
ROCK1,20.147602884159195,39.109441722245435,24.22265813608096,39.31242463581007,31.129206380298967,30.784266751718924
B3GAT1,26.49468025537359,40.50824733914955,22.47009086486412,28.325048946607517,36.0480341148713,30.769220304173214
DGCR6L,28.526230216161753,26.83865516913928,19.205439217947372,37.05889282357418,41.545012137908365,30.63484591294619
LZTS3,26.856498580351335,29.665910415584033,31.74535184143428,31.140544173823464,33.502990414867355,30.582259085212094
PDE3A,28.074715248812034,23.69281702191037,23.78714892271762,44.53521763915398,32.77023565363644,30.572026897246086
KCNK5,37.42796018554556,25.05929197239355,13.8025763585678,38.18727822028175,38.348908197162736,30.56520298679028
TNFRSF4,25.086953099558958,36.208753260432474,28.649473941055643,37.551186803488505,25.101252555715426,30.519523932050202
MXD1,32.20631147572285,29.85744105076386,28.36950758079705,37.48556056632664,24.167415756560352,30.41724728603415
OPRM1,35.7132869106773,21.79418706711886,21.01581249850943,24.67190970214716,48.582776967571625,30.355594629204873
CHRNA3,25.640863015616038,37.477994642411275,37.53272699902891,15.16412672399729,35.96157916779611,30.355458109769923
ZFP82,20.82169341950209,45.84271636771908,35.76732752814197,24.53464854525316,24.693598353304303,30.33199684278412
TUBB4A,34.71040140275412,12.83278302040195,45.37098642593938,25.41065656966798,32.60477675577956,30.1859208349086
LCOR,31.329384341230654,30.063012518590888,26.056608834277895,25.87436244192194,37.26306885498089,30.117287398200453
NPTN,33.05263585712018,38.50644426636367,27.184630951638884,37.445318173840526,13.177528953559175,29.873311640504486
NDOR1,9.269288280785362,29.11154112158576,51.44626883804223,39.397542768339235,20.04101997612912,29.85313219697634
UFC1,28.543415172162987,37.604337719222,22.075209167097437,34.63343563611519,26.303292955336342,29.831938129986792
NTRK3,27.291384844918127,31.178489005494704,21.52053939745364,39.7926235065374,29.01157665828683,29.75892268253814
WDR76,35.704841322722366,35.24264246910842,15.993517881371217,41.491956997483186,20.319430643131493,29.750477862763336
DDX51,45.57214964080588,27.886518782934544,20.01332331339627,32.48965080240298,22.765888929648135,29.74550629383756
STC2,26.862381357324523,28.577938642403872,33.43415586540971,36.045042309438436,23.599363457187025,29.703776326352713
HJURP,28.124311076729953,34.07099525654399,39.017196352022374,28.9592209127171,18.25369592532669,29.68508390466802
LCK,19.03033457460147,19.750262590147614,40.96138448106492,20.03975873821235,48.55883939398093,29.668115955601458
UPF3A,29.911911146974873,24.464380479892924,13.4083609894187,40.3565330395802,40.069094069014724,29.642055944976285
TTLL5,23.49556430500162,21.7804519382613,34.865225494126115,28.23310829988599,39.22498661990424,29.519867331435854
DUOXA1,30.837085759337878,15.447952238392599,28.396576641026616,36.94829014388484,35.805641274654384,29.487109211459263
RIC1,31.499410001412453,37.84575504177912,25.673388243178717,26.99629903900056,25.12664735272129,29.42829993561843
OR52E1,34.02658124574774,33.71707275944154,23.49217357978064,32.01757514751233,23.221071109140816,29.294894768324614
TECPR2,33.32809227865129,31.402992295051796,22.992682963318774,21.0954049787577,37.4522128224552,29.254277067646953
STUB1,39.65520269367449,14.163435399422989,44.777067154652755,20.996199213582898,26.6354596758322,29.245472827433066
SCGB1D4,22.037802291627933,35.79803500075978,33.11740240398691,35.46743673092225,19.50719524701047,29.185574334861467
PARN,21.195916489732948,32.56565136991041,26.826082169276187,27.68240618517175,37.31082554899891,29.11617635261804
KXD1,36.40518376173516,32.40130630336968,17.540924582895276,35.064232930041186,23.57225533208154,28.996780582024567
APOBEC3A,39.20820310246998,43.09120885631701,18.67775591750996,28.597188585855637,15.1773993079619,28.950351154022897
CXorf38,34.04441555728891,19.179579079202213,25.202785319514113,25.368068888611393,40.86359892109356,28.93168955314204
MTA2,34.78832388650529,24.51868993104578,26.9022051570874,38.227450660777336,20.070687790466568,28.901471485176476
TCEAL4,36.888443332067574,33.24270140617004,31.148025146885555,22.14793653855585,21.06478456894162,28.898378198524128
MLH1,8.481846858167078,35.62022417412079,35.130678362165604,24.58733916197908,40.46996404836239,28.858010520958988
OR2A12,27.671752556939577,28.25262948625114,20.554159135283417,35.06019565104351,32.52921757773993,28.813590881451514
GRAPL,29.817102013520973,24.021367052444333,32.858098825155025,16.756700294723416,40.58302644053532,28.807258925275814
QRFPR,5.417037090011621,38.32385833392111,47.995041682611514,9.331980511998342,42.95019201861561,28.80362192743164
MRPL36,12.684017583581522,38.20665513073179,28.662295509190226,35.37327877446764,28.727597199673443,28.730768839528924
PVALB,17.977617021804708,33.64850262282095,37.78803912703782,21.727825983958343,32.4053390091843,28.709464752961225
GLUL,25.695617393576462,25.75326911309596,29.20087244050724,32.64988438331574,29.41051877830216,28.54203242175951
LRFN4,9.862796175728427,21.662188918524066,41.800602999850426,40.87640445469533,28.237294886229353,28.48785748700552
SPDYE13,34.875957513289265,32.07962510271566,21.109999149342475,28.445816253613586,25.753533428200644,28.452986289432324
SEMA4F,26.974317429035526,23.044243640473386,17.20912147125754,33.45185464685173,41.08942613003379,28.353792663530395
PHKG2,26.8383730423579,18.99922750701368,27.547977307763325,27.818776107143783,40.01204169013963,28.243279130883664
GFI1,19.964520669208927,24.885017685220166,27.30717612137012,38.57760616861521,30.24155455021047,28.19517503892498
PIK3R4,24.02087851668295,24.139041548366777,24.416057511518765,40.319709241112925,27.857871264374822,28.150711616411247
DUSP29,26.50953848018845,22.5314771149809,32.304129273417864,31.587860734540634,27.752879850024065,28.13717709063038
STK26,27.15841955749515,26.15660835934362,26.685652513314146,15.432707160683945,45.16990510966921,28.120658540101214
RNF144A,33.67732429208702,22.604518390815983,11.456419078598822,27.775509892595935,44.955800491943876,28.093914429208326
C22orf15,34.39966738322862,27.623282322476083,25.44636650131854,28.94167493965845,24.043255177632975,28.090849264862932
OR5K4,31.301825326984556,29.736740899708614,33.9632814411039,12.027428597644272,33.367653135728744,28.079385880234017
GARIN4,29.39891809387471,30.62417218102345,31.71162372340347,24.826786003711007,23.824536610273796,28.077207322457287
CCDC92,22.241408793176923,29.754420332965815,32.149434789461345,36.47275493892662,19.61537803215204,28.04667937733655
STXBP4,20.84791287310713,38.997374930454924,20.403125744274075,23.65373096136694,36.269453031881625,28.03431950821694
CDC26,31.409962647974616,36.740748346595275,31.042757235310237,18.165111541123228,22.691138040312342,28.00994356226314
CCR3,30.781415478932562,41.60563421917711,22.594620719871003,27.20222324839951,17.609537385928302,27.958686210461696
HOXB8,25.77479185339046,31.479210127698277,34.36191712868472,20.13087690617884,27.899525971589423,27.929264397508344
MVB12A,39.60923518096721,17.255433183560225,33.0711596096034,22.239869088872883,27.422732803329918,27.919685973266727
CALN1,13.655805768421326,35.94452050236582,40.460375511146694,10.99180385835361,37.964881764644446,27.80347748098638
MYO1G,11.645128947310196,39.61758633252855,21.526424884447817,28.230362822495874,37.46071824660642,27.696044246677772
GML,18.192473109080638,27.817399483982886,26.97388428225802,23.22890186265997,42.22604278842056,27.687740305280414
MFSD6L,22.42236700657594,23.84546946995093,35.91097871764989,15.772986770188805,40.351199580689226,27.66060030901096
DPH6,32.79602813199462,35.80101214114672,22.66471207565803,15.16677353452415,31.71352949589107,27.62841107584292
STX1B,37.24361872734956,25.577297466068348,23.13278688371623,25.25330933860401,26.71309265163739,27.58402101347511
FA2H,31.11660267181427,46.928483421964565,6.984373360789656,31.078962388437432,21.062455494035618,27.43417546740831
HNRNPLL,23.94755201906055,20.91839199266832,22.714232134836458,27.92127864002176,41.41574724804963,27.383440406927342
OR13G1,29.60767963596847,27.917297604591933,18.648816889525513,25.1767407310992,35.456540133644,27.361414998965824
CLDN22,32.360323737609356,26.21250628396768,24.882240208211382,31.422989641796356,21.800840983502496,27.335780171017454
ATP5MK,33.467095797951316,19.997269005838,21.326311651107275,27.876211603305485,33.6743095189148,27.268239515423375
TLL2,21.050688252409262,25.890551798100386,40.37276647593195,23.066278358834673,25.94110144880672,27.2642772668166
GRIA1,27.133628276869377,26.60401740554147,27.171254542744748,22.063291747249536,33.319558922810664,27.25835017904316
LRRC55,37.267052002793335,24.39744621993403,24.38651454605879,18.380075340892187,31.322474895261966,27.15071260098806
USP48,26.109210742424672,37.51018421106059,27.095109254113186,18.879266003068714,25.8339196721111,27.085537976555653
NDUFS5,23.31445911178996,32.00333346144233,28.122518430719335,21.134243012996535,30.55566396804335,27.026043596998303
UNC13D,28.33324054315266,27.032889743599643,36.00824228357272,20.904458779513266,22.62697632463645,26.981161534894948
SPATA1,27.363561335351168,27.09345024175944,32.190706093558006,19.983788262549552,27.699732312671046,26.866247649177843
FSCN3,27.913539878544043,28.447212039482476,35.79116260453961,16.248981215026316,25.708623216912553,26.821903790901
DOP1A,22.965620707386726,32.23027469819061,24.647068188420675,26.179047610141264,28.0573420768301,26.815870656193876
MPO,26.320265414763632,34.11523121898459,6.749263530604338,22.77022736271111,44.046489297614,26.800295364935536
ANKRD24,24.494253957598826,24.757465758154108,25.882205123365114,35.32611689697437,22.893476569833386,26.67070366118516
SYNGAP1,17.486992959000286,21.011186953334835,29.389832958164035,27.044889297368258,38.32526388696774,26.65163321096703
KIAA1671,23.18544869746998,31.282379821852135,19.653792218332228,22.60904203497261,36.05331728718197,26.556796011961783
GSTM1,20.013480241410196,40.14149903692008,29.59847506426188,23.893461809965224,19.119228108253647,26.553228852162206
SLC7A3,21.134243012996535,35.83055614052977,33.10028958473992,15.689295948742826,26.97475368107338,26.545827673616486
KAT14,36.944359269414335,31.588475869145178,12.421103690641901,32.6790124501475,18.965486215654455,26.519687499000675
TMEM50A,18.862894368650835,23.110770693027163,39.86619619647306,23.33257608943353,27.354695817924945,26.50542663310191
ADAD1,3.462109294622145,20.23717391652179,50.308082543951805,36.16226619353522,22.270464036352227,26.488019196996635
NIBAN2,14.867031201747785,32.19839222996491,32.411239669004836,25.57273360573211,26.84241722685056,26.37836278666004
ZBTB26,29.640264397673942,29.154350711067593,26.23709088515538,14.370834353401737,32.48044915126172,26.376597899712074
KIZ,29.25606791085414,18.828419384767642,25.470519176648494,26.197402852127826,32.1032267060165,26.37112720608292
ENSA,22.470399855589783,24.87548880853504,25.601108859584937,27.580490156154454,30.907327984944153,26.286963132961674
ASPA,22.787615753614645,22.91318005372428,27.195733415781397,46.23656573253766,12.069407542378018,26.2405004996072
ABTB1,36.04032359463582,30.13484226968351,17.344977010700358,22.468757126689553,23.919120005952934,25.981604001532435
CCDC83,27.129809594773747,23.894233523940116,12.418150245059755,29.28393772413656,37.178310586660665,25.98088833491417
KRT77,34.86451724118367,27.301594759361603,20.485758555929696,25.45419440179885,20.814314858874802,25.784075963429725
LCTL,29.272656916101436,30.838901035834375,5.777678910741565,38.36775179351945,24.456947584736564,25.74278724818668
TMPRSS11B,29.31712850597213,15.943992539340886,25.756271125087345,30.254067868045055,27.191896754576167,25.692671358604315
LRRC4B,24.87109787093394,9.299627406832494,41.09855800768935,22.20770499837485,30.797049321874116,25.65480752114095
UMOD,15.468617789892022,37.13470408589892,25.000332144327906,21.35225981074599,29.24673623152987,25.64053001247894
SPDYE15,35.08364124920675,21.31408423251889,30.256688540421045,18.609373156119766,22.899658621128356,25.63268915987896
PABPC5,8.230297085124308,30.847343424731164,28.103321465944543,25.76630733981609,34.96307332339929,25.58206852780308
CLUH,20.568082299576258,29.284701439601786,21.409916265834024,23.360884379521963,33.25365102857424,25.575447082621654
WNT10B,22.291632452383666,13.701427095726798,36.298586238095545,34.35991076402588,21.05035685649777,25.540382681345932
ZNF716,21.215452855536007,28.634451323797283,20.269516195853026,42.17588013412859,15.319394354579218,25.522938972778825
CCDC113,29.001513494341268,20.113215818326893,11.254507131878691,33.4556676563977,33.59198002378695,25.4833768249463
DTL,24.9205435620168,15.99848693490283,30.268588533258878,33.277134495699364,22.925151338312656,25.477980972838104
GASK1A,26.056251006280938,19.439028302799322,24.95940609544178,24.056060763274818,32.4121431851999,25.38457787059935
SLC66A2,23.08444988991079,37.77039329830509,24.57278417816991,21.43498785688682,19.75712691880933,25.323948428416386
UBE3C,4.625711439260938,32.524304336090474,22.76718319143443,36.15381710243435,30.282949581022244,25.27079313004849
EVI2B,10.602289947465842,25.938024465843107,29.851523651974915,32.3430432918259,27.120504771134296,25.171077225648812
CYP2A6,18.516259154946532,32.99694546813197,34.552076920749535,26.991289808966112,12.693009809299289,25.149916232418686
SPANXN2,11.540630829026192,39.443231450388936,29.486569905477282,21.605214023909266,23.636223826332184,25.14237400702677
MFAP2,20.50503143545712,24.952365373671146,28.579856135340552,30.57758732797647,21.000801665257633,25.123128387540586
CDK5R2,16.57842824844201,20.270503123815672,19.929545935294946,38.81212373987165,30.019349964379483,25.121990202360752
ADCY2,34.03811362893986,25.503900385699595,35.56202149775946,4.977417271221168,25.11847676922731,25.039985910569477
ABHD8,28.719261091401847,17.743595269597044,35.89589281677218,16.55399243720793,26.16758866421393,25.016066055838586
PSMG4,32.202014254732816,23.040857728347124,23.146690134965798,34.75162922158366,11.685482520280601,24.965334771982
CIART,5.858137574715051,34.76035731358104,38.74747419127425,29.81881721027356,15.395332287114602,24.916023715391702
OR10T2,23.914963063364674,22.55468975106331,19.940824410497132,29.6940948554864,27.999122795574564,24.820738975197216
STPG2,11.307354099047002,16.740970106906357,30.15361684119311,33.531013171257364,32.33045403246999,24.812681650174763
CD276,26.382649211984454,32.29195353924485,22.705886269544287,22.477402305072257,19.923728580337915,24.756323981236754
RHOT1,30.055223065661778,30.835998246767943,11.858676977026853,24.066103143255237,26.54183979557664,24.67156824565769
CDK4,29.401367641778176,15.189462258394462,13.974835844797731,30.448001873966362,34.322812305322664,24.66729598485188
RBMS3,33.04619696907072,11.787651403400274,8.796036827011402,40.894187481669334,28.551380521835835,24.615090640597515
SLC25A26,35.46248690557894,20.33520830115509,12.019142004207554,23.6871593031468,31.531116984652275,24.607022699748132
AS3MT,27.339049136085546,14.729904217300897,23.869974665942344,27.968167423386358,29.010779088478394,24.58357490623871
MBTD1,21.623797342986787,25.247805356514558,15.373271859891894,33.82460211286113,26.510692004802085,24.51603373541129
PPP1R3E,22.373331575935048,23.890903561655296,19.320206822203648,23.792146990844348,33.16451790737923,24.508221371603515
MAP3K2,27.979359768439526,32.23718370698593,14.747504857946147,29.50275742285578,18.049673371207504,24.503295825486976
IL26,25.368481024827126,29.059693620807785,8.279278154968154,36.409642668778844,22.493132177168036,24.32204552930999
CNBP,28.207273772437947,18.38634977414247,15.453298680655891,28.903371285878144,30.392498363844872,24.268558375391866
CRISPLD2,28.87046684731024,37.56167872644687,17.36699982962806,32.381119111442004,4.937905028586628,24.22363390868276
BMP15,37.95093646572148,17.272045277430355,21.592804464838483,20.142993854596806,23.770327340848894,24.145821480687204
OR10P1,4.846449554537241,33.57073854162975,32.89284009618534,19.875132602882726,29.29112357456879,24.095256873960768
OR6C75,28.601715401027473,17.828480544166133,27.27992600952764,24.153982358485397,22.354757714558954,24.04377240555312
MRPL41,23.880179312441776,38.02938649539223,17.43353336382725,24.748209330262828,15.981439156620084,24.014549531708834
PTPN11,26.78559398038876,16.56177126369746,18.789239992757363,30.99500956556625,26.75209655147609,23.976742270777184
NCDN,20.70003917915298,23.666181740738857,27.411372109427752,21.73670800948968,26.044712198037946,23.91180264736944
FRA10AC1,28.22375954148902,22.075139218403347,7.421712642527995,26.8155725366915,34.50759834382689,23.80875645658775
OR2M3,31.312317783615118,23.25350860959274,6.4965148973239355,30.85563782062493,26.80404093870922,23.744404009973188
ADORA2A,31.739321839873114,28.431420917776073,15.73632845990455,25.0314870850781,17.457120580591166,23.6791357766446
INTS12,14.397278027667193,32.89733965987558,11.074290415015135,25.711916472387454,33.932954549814646,23.602755824952002
LYPD8,32.06798740838993,15.145667563234932,18.625074182350563,30.03904912672129,21.682876009155077,23.51213085797036
PLEK,14.692903056979858,24.962369804977307,10.714356941158258,24.06659556689479,43.09612881486737,23.506470836975517
LMLN,16.87130255652808,25.070401220277272,34.334403654447264,13.795963542013478,27.305615009194973,23.475537196492212
NOSIP,26.070582598344018,24.107495434909456,12.10227535969204,23.185052060904326,31.782249141110647,23.449530918992096
GET3,21.317806195258626,6.589236861343448,28.366431475624427,26.20613079859228,34.70131389491654,23.436183845147063
TFAM,25.15462972887173,27.490379886059486,36.26806627720268,14.86952488399317,13.390313959769129,23.434582947179237
SLC19A1,16.847692435558205,20.99572615805738,19.946763673575642,34.69094655842365,23.99479661517123,23.295185088157222
GET1,18.680356629188363,34.08168961790738,7.311776969034063,23.90817833389525,32.35812539630671,23.268025389266352
EVX1,26.985475525020753,17.598378956663282,21.38044712009617,26.020916456246322,24.264190641191405,23.249881739843588
COMMD3,7.843713617909688,32.10903030842906,12.459629919797273,44.97442291157368,18.741715542267006,23.225702459995343
FRMD7,19.364891299846196,30.537506784686407,10.862778569154182,25.833442341223368,29.499122901604817,23.219548379302992
AKAIN1,17.596322578747145,24.52399400622944,19.880610397211356,12.731372023987014,41.14939720454569,23.17633924214413
ATL1,25.84388553950175,23.565195803172976,24.85243588673085,27.943476987792494,13.395715944145383,23.12014203226869
CUBN,28.26879743683801,19.100172861141072,20.33663874108875,26.079763697045895,21.134243012996535,22.98392314982205
ARHGEF10,32.31232999002094,4.075351136907205,30.14436842375352,24.448007164481215,23.938686671431945,22.983748677318964
DNAH8,29.18627807356912,20.72692599727198,20.15645738336971,15.397017999479687,29.331340567045316,22.959604004147163
TMEM138,23.020041982830755,22.02261153753289,19.881337501349243,16.430158636207523,33.407938127176706,22.952417557019423
KCTD15,33.749001667557884,11.44262570106411,27.13501046082677,27.502809373180696,14.847088031512213,22.935307046828335
VMP1,27.905964804234735,19.947210583090637,11.183754937058051,25.68143830351628,29.855145524248194,22.91470283042958
ANO7,21.199230525415523,31.354184148690823,21.134243012996535,21.134243012996535,19.62932438273705,22.89024501656729
IQCF5,18.130968087809286,27.92674573912304,19.2395626028161,26.932627787912338,22.14915802680952,22.875812448894056
RNF187,19.774387435152484,16.707022204399525,17.26423327167859,29.191273678154488,31.26318844827887,22.84002100753279
POU6F1,25.569920632036304,20.60633930445683,22.01877605583759,31.072901641178834,14.525837903665076,22.75875510743493
HNF1A,20.071721138634814,27.67125091008507,12.148555550724648,22.92851505780044,30.877280199431016,22.739464571335198
WNT16,19.677734306074584,23.608798884835167,33.315208585544234,18.5227338203823,18.500204659166375,22.724936051200533
CASKIN2,26.84029172432768,43.1689629772963,8.366200991076134,14.087930287197285,21.07669371118539,22.70801593821656
ZNF461,32.373962186929084,12.877024620127212,31.67371869628304,22.217307463221093,14.370834353401737,22.702569463992432
KRT84,24.667368301085148,19.63344481189803,26.093360880407566,16.537028905570423,26.56441063511715,22.699122706815665
NSMCE3,16.653807770187264,30.763024356475437,28.405246734847843,15.997119376792659,21.309458395062038,22.625731326673048
LYPD6,26.073127225426045,17.90431080650036,7.923205569053982,32.417050334038315,28.68487837242308,22.600514461488356
ASB4,17.463142360815397,21.14970876216767,23.24543801655184,23.70713982545455,27.211452281603616,22.555376249318616
CT45A9,21.444459718300006,23.035891592132742,19.922292603330032,26.0214121716042,22.32449362591049,22.549709942255493
ZZEF1,29.74155305646955,28.86204883678321,6.566163849764214,20.717324139636542,26.761935172942735,22.52980501111925
CHM,15.765448200310574,19.758209542373358,32.899298435664534,18.97050277975293,25.219670142052664,22.52262582003081
INTS9,35.667863270948374,27.332725635080617,13.223975383584987,21.836123574492223,14.370834353401737,22.486304443501588
C11orf68,26.706186283928048,16.479359250519888,22.410124105033468,29.605781686384315,17.181995039566086,22.47668927308636
UCN,23.613910135557177,24.848842716241183,20.622247159207923,20.004484686421403,23.26222691044987,22.47034232157551
CD320,16.1764764240072,24.40739623108681,20.510620794929224,25.16010952953296,26.09530839687679,22.469982275286597
ADGRG2,19.037049184462816,29.340907288602807,6.640313884246289,21.985322194016703,35.2654183764588,22.453802185557482
ELAC2,5.892152420519355,15.915285671128174,36.306216478939454,31.46836324139593,22.65447344739783,22.44729825187615
OSGEPL1,29.046280687793836,27.766781928704493,15.764121331146047,31.77085041225793,7.733389689736687,22.4162848099278
CCDC138,19.309404406875046,6.7856380868261565,28.15851106194373,31.09489214847816,26.714116967301653,22.41251253428495
FAM72B,18.274387893883734,14.08728560618411,23.49024703482679,27.377183968223463,28.744515371569197,22.39472397493746
JAKMIP1,26.706341117116256,26.108364080997358,23.835908538922762,18.12295438619245,16.484288628272083,22.251571350300182
PALM3,26.71077915103351,23.93878934436142,16.48762347498301,11.998944524110186,31.821303007667765,22.191487900431177
ZNF432,19.119055226801134,25.236816175100124,22.962595293208555,31.27787479793434,12.30529785304779,22.180327869218388
SPCS2,30.311907130530486,17.861201493084266,21.869534359709156,14.99031933758625,25.76757861881076,22.160108187944182
RASL10B,15.10406644593521,24.93947599158071,21.930925208119856,27.847592353773827,20.963182883153415,22.157048576512604
TMEM37,24.913897385914026,18.527395859498856,18.64926092501146,31.722882255803736,16.730066393474328,22.10870056394048
CCNI,29.25019955245568,21.89002781269059,16.1631699834779,29.729938403470634,13.269685242690416,22.060604198957044
HES3,14.489703216147815,27.816337696229976,30.051414068845713,20.89539729075337,16.957066427791364,22.041983739953647
GFRAL,31.67063945181009,27.763719419862408,14.628981249194537,20.660650941391967,15.466669048009676,22.038132022053734
PKIG,7.201707741419172,40.87793558218208,18.31034983888478,19.78951798102993,23.938686671431945,22.023639562989583
TRIM49D1,11.623765228183435,27.216432350739687,15.602359891720505,26.568571292717742,29.03208705064394,22.00864316280106
SH3TC1,22.097336610391295,22.957225877277526,26.299095387778404,17.04694048196653,21.313298945904275,21.942779460663605
RHNO1,23.19168197396609,25.15641519761479,23.64912174175621,12.779266898811645,24.84489992950454,21.924277148330656
VNN2,17.03640304079971,18.589206500945902,17.590868526634292,31.592021004089123,24.54465174511592,21.87063016351699
LUM,22.638228128790516,25.390523047127573,17.85499875661446,23.926551549111494,19.307445152154383,21.823549326759686
SIAH3,21.134243012996535,21.784073266929518,20.1905078733492,20.051989331631287,25.86424043685527,21.805010784352362
PTCHD3,27.884833906620372,39.42340896252197,30.658388160455363,9.522741200286784,1.3307910635482822,21.764032658686553
NKX1-2,13.708682626424492,22.399462025259485,17.477665987107034,25.04382696018289,29.283736448786797,21.582674809552138
LRRN4,22.5760701729759,18.73730895753621,24.80918239452092,20.53434485410419,21.134243012996535,21.55822987842675
CDKN2AIPNL,9.393702531291163,24.778938837795987,25.490982386456583,28.095149743372698,19.755750108107716,21.50290472140483
MED23,29.27464742136532,14.8373277746451,21.61231983008916,25.15909318102649,16.51291492297756,21.479260626020725
ARHGAP23,24.150377145546507,21.988118972886433,29.612967584314838,23.921087154911145,7.607425693806939,21.455995310293172
BBS4,27.843410173124166,20.615270673923774,23.071124267023112,21.134243012996535,14.370834353401737,21.406976496093865
PAQR6,17.028523682441826,29.50994745486294,12.115628887205876,28.60535031022363,19.738969065779884,21.39968388010283
KRTAP12-2,15.335356758084615,20.819355815136515,25.67399268279975,21.109040264800264,23.823194373219046,21.352187978808036
ATP6AP1,25.80223950722816,25.710551332300387,15.189194620441157,25.678416043567054,14.370834353401737,21.3502471713877
FMO5,26.56660833905225,9.04497513973988,17.415296550341786,26.032168558196506,27.107073749930038,21.233224467452093
FAM133A,21.75999369105289,19.5191823346849,11.599193117362958,28.699946126744276,24.415750346320426,21.19881312323309
RAD51,30.852041458403267,4.713795013246953,14.66976345260074,25.297784716025784,30.27903342810551,21.16248361367645
LUC7L2,26.556458472677804,17.259720915213407,20.699014524521225,19.94625303683687,21.13424301299653,21.11913799244917
DBX2,21.134243012996535,21.134243012996535,25.608147448593755,14.370834353401737,23.154129252222,21.080319416042112
BLOC1S3,13.180033661103312,18.476724263071713,25.371062246754217,30.30501629743408,18.01137622144166,21.068842537960997
ZC3H4,23.973157574713333,26.962906569607387,10.188008241735199,26.287698034776234,17.754126957159976,21.033179475598427
XIRP1,21.022321133643395,23.789090201893327,15.690034558565616,23.496736847251544,21.134243012996535,21.026485150870084
HGD,22.36397355726502,21.824030650898766,10.12358844236151,21.134243012996535,29.538386299150808,20.996844392534527
COPS2,23.935544334366266,14.559153453382459,15.714043077755493,26.240805255861066,24.482884629109115,20.98648615009488
CCM2,21.346980611430073,15.539674423376185,10.517208963282963,29.426808751500943,27.778304978828682,20.921795545683768
GAGE2C,26.053526767727753,17.445135474318597,9.674671417902067,26.279379945445918,24.985343898017447,20.887611500682358
OR5W2,21.132154270888172,30.025918929347426,15.948488849286536,25.758225828936848,11.500546926825235,20.873066961056843
P2RX1,9.508165981107283,29.846966545541193,13.334031838608071,32.04177333503002,19.292186669285268,20.804624873914367
BMI1,19.394742654444098,29.295431711753082,26.13077771655961,18.24807993341314,10.768319632035166,20.767470329641018
LSM3,27.796383213864644,26.871099683176453,18.485729998654605,21.134243012996535,9.455063970689567,20.74850397587636
LEFTY1,23.81689028166915,16.892846597594986,23.2660158307425,22.134937237992684,17.60129738040039,20.742397465679943
PGD,21.134243012996535,23.26696836914341,11.456648324713864,21.134243012996535,26.040286782838983,20.606477900537865
PSMC5,10.611008590461847,42.63879644695512,9.614190737186815,34.30453501982352,5.78531784500181,20.59076972788582
UQCRB,14.797645406444984,27.000090374832087,17.325186614626688,25.01031374334896,18.745164320174357,20.575680091885417
PYGO1,25.32711204239787,15.803664349474431,14.588845543682377,23.570268606208526,23.393962886820237,20.53677068571669
C1orf216,21.13424301299653,29.12659175408454,22.623868655038287,22.049591395853117,7.607425693806939,20.50834410235588
UBA6,20.405961715839073,29.140363645346962,6.299426681788297,15.380510993061524,31.2490795179058,20.495068510788332
EMC8,23.591936786454674,8.472924664875496,22.254119532297658,21.13424301299653,27.012921385726056,20.493229076470083
C12orf54,22.430552852250667,5.384710670902459,21.965136553266763,24.02113254941714,28.372265023797727,20.43475952992695
OR13A1,10.798020346810306,31.67357518754736,24.711680170758967,21.863323730289,13.021535983358199,20.413627083752765
CBL,25.729502296261398,27.533487357272683,11.134754078400794,11.53214640059425,26.086679372876453,20.403313901081116
PTPRC,21.468436280820423,10.979499634475108,13.97189236816739,29.081429403431592,26.382997979524596,20.37685113328382
ERFL,18.453901181694672,23.282375019031807,19.554718718592653,19.32246172427601,21.134243012996535,20.349539931318336
ACTN1,34.89617624018537,21.146403161724674,15.100667904657186,20.48264899219424,9.524286266664607,20.230036513085214
GPN2,27.527278958360203,25.297822049429442,22.452440124050376,14.581737999541538,10.60433384765279,20.09272259580687
ACKR4,14.370834353401737,21.411477974106297,22.958836340264284,27.325681027733513,14.370834353401737,20.087532809781514
TCERG1L,22.069509084958902,27.81303036193456,14.286794929111224,18.647105602786343,17.5350883155202,20.070305658862246
SYBU,17.053299799364993,20.45435768116507,11.284548126212304,21.134243012996535,30.302504303868112,20.045790584721402
COLGALT1,20.432207655584868,14.39202371701672,15.803104887659794,25.8693409388228,23.620107468762225,20.023356933569282
PCGF5,7.607425693806939,29.093264142625085,18.33260204744083,23.88722732951065,20.950937180577423,19.974291278792187
SLCO1C1,26.415739218565832,28.03537137942777,14.220272387129421,8.472651340947328,22.219553515039333,19.872717568221937
IFNL3,18.657808293522173,18.08123959597597,10.56251363120968,26.97445193463976,24.592573316985042,19.773717354466523
TSPAN4,21.13424301299653,14.363718982133467,19.61243487676307,17.07445967643867,26.44773052767932,19.726517415202213
HSPA2,23.917277563692856,13.703040038740328,18.466254294252625,21.13424301299653,21.134243012996535,19.671011584535776
TMEM14A,26.053526767727753,21.593767261400274,18.01353859817023,18.216271143383114,14.370834353401737,19.649587624816622
SEC23IP,21.759352993882132,25.89821958787994,8.626779650796081,18.138284229277303,23.760934976135246,19.636714287594142
TAF11L13,28.195175113786764,24.75047767918415,2.134038766435325,32.25130079884698,10.813539183318149,19.628906308314274
UBR4,13.799302004090135,8.591551810522516,26.06984034300728,18.752636842799404,30.915225881072477,19.625711376298362
BBS1,24.428844474928617,12.077320646851048,14.653911795066618,19.987307013575588,26.86702429430246,19.602881644944866
SHC1,23.419723122961617,14.22891194044297,15.514701907719243,21.134243012996535,23.35329990144571,19.530175977113213
BOLA1,14.35354676316821,17.749750409339505,14.08965705988198,30.53370472425524,20.913133164693104,19.52795842426761
C3orf38,14.6758565537316,30.668541386352228,3.9434169175700307,24.851091430204615,23.325799116318287,19.49294108083535
CRYGB,18.807650342669678,20.583559574129044,24.319662655329626,31.946735955370535,0.906848452029212,19.31289139590562
IHH,21.134243012996535,13.490638099247729,26.26151946026431,25.75505337982728,9.781587404025167,19.284608271272205
ACTB,14.370834353401737,23.763244632761726,19.892985219078234,14.48885155820811,23.53945833862382,19.211074820414726
RPH3A,25.555806792920073,22.897151073406313,17.267391109339577,21.503268162960392,8.534217094152963,19.151566846555863
PIGU,22.97794582572451,12.737166436110666,17.69206357811194,23.071990659391172,19.165486193985895,19.128930538664836
ZNF880,28.3356061893464,29.617801192980707,11.025867663114296,10.420992791769637,16.091048976836955,19.0982633628096
OSBPL5,17.662340422169283,16.20870404342245,19.063370084473746,17.04644648060088,25.456924881712045,19.08755718247568
TRAF4,21.134243012996535,24.117889822962358,6.642037346624406,28.520305947328527,14.777344653658753,19.038364156714117
AHCYL2,21.134243012996535,14.477051372398517,21.134243012996535,23.939896076320178,14.370834353401737,19.0112535656227
BCAR3,10.473186995832549,18.256357842115293,25.518877230308718,22.86589022969246,17.774624019030952,18.977787263395996
PPP1CA,8.905966645697138,23.545763980393456,12.922238004923939,23.626798656293886,25.804250748278328,18.961003607117348
ATG16L2,7.607425693806941,20.402072163439996,16.991628209573285,25.710671350916876,23.879361925475035,18.918231868642426
USP17L18,27.967904262717518,5.651805133395961,21.37745564823727,25.193779722373066,14.370834353401737,18.91235582402511
TUT1,28.403050283966895,16.395764524993268,7.79108141536049,8.890972547943662,32.75984995650873,18.84814374575461
SAT1,22.613465240408484,12.438067321970257,25.460388457237354,23.924738594452766,9.590778175963969,18.805487558006565
IDO2,10.7589946178786,13.913281401534572,28.97197337368195,16.092077928135428,24.1598402925211,18.77923352275033
TMEM130,7.607425693806939,25.90580569568523,15.359602358569028,23.87256158386149,21.134721903127666,18.776023447010072
PRR20B,23.746778431554656,22.783125737619013,12.424965210380867,7.3039171773918765,26.228919206696627,18.49754115272861
ELOVL4,22.91869540421729,16.18933190552282,15.304510583187806,21.134243012996535,16.8642046254644,18.48219710627777
CTF1,21.134243012996535,10.658608482664961,15.17663032105689,23.14093066808371,21.849059470197645,18.391894390999948
TOMM7,21.056450956070048,27.17290498081077,10.40607963554025,8.312337225438986,24.31533137948871,18.252620835469752
ALDH1A1,14.01128850489253,28.3206845925957,12.61764368619032,25.359376367712134,10.922574286523606,18.246313487582857
ZNF286A,11.070007508810374,25.957406451515336,6.415656935279318,23.93532298144901,23.49739162506215,18.175157100423238
NPC1L1,25.606204045920283,21.79177519696233,0,26.366039182030487,16.96214749836324,18.145233184655268
RBM39,21.134243012996535,26.0080009754073,14.370834353401737,14.370834353401737,14.370834353401737,18.05094940972181
C19orf33,10.963031949023637,16.60545224980135,17.044985125765916,30.661975789252043,14.479357094452649,17.95096044165912
AP1S1,13.240689076795137,18.948243103927243,16.628377530645583,20.974399490388627,19.20397263981174,17.79913636831367
AUP1,21.87103536193633,9.851319253946023,23.014100172665408,21.134243012996535,12.761854297689334,17.726510419846726
NUBP1,21.761934872050016,11.339631349502467,31.069315763661994,14.598391910252314,9.461226264924386,17.646100032078234
CERCAM,22.92314092843107,23.384053990565707,9.272422858226308,23.878904357936946,8.62086726410571,17.615877879853148
HPS1,7.607425693806939,21.134243012996535,12.05525795794154,22.545422888300646,23.877329817684124,17.443935874145957
ZNF763,14.53894722046255,16.738902381479313,18.8087606617854,29.36166016821601,7.607425693806941,17.41113922515004
AQP4,22.853414816705232,16.109590800711427,26.954381606485782,0.872988739084622,19.88996841501959,17.33606887560133
MET,20.76139394127839,16.081509205468066,10.332938595764492,27.243898981654365,9.550313319193698,16.794010808671803
GOSR1,22.126620061186003,25.147266776160276,29.458465817713765,5.50347621361479,0.8910443975491791,16.6253746532448
LIPN,21.13424301299653,21.134243012996535,7.607425693806939,14.370834353401737,18.745884874954108,16.59852618963117
CCNQ,11.81279371671021,13.046397209695119,20.506564440101386,21.664010859920356,13.928032942515788,16.19155983378857
UGT2B17,7.93120113857139,31.987673551729895,18.462847657874928,20.636913335774107,0.6037262551508266,15.924472387820229
OR8H2,21.134243012996535,9.660072417005997,11.693297369473509,27.18696903333157,9.79543479824908,15.894003326211338
KCNJ14,14.672582780826593,22.153611988018305,17.812553865693577,3.1138949648035523,21.626235263060718,15.87577577248055
TBC1D26,14.370834353401737,22.155137910167223,20.614100504942826,14.494981315778062,7.607425693806939,15.848495955619358
TRUB2,17.99955356019414,14.97541105195452,12.164018733812366,21.134243012996535,12.692416802425582,15.793128632276629
SMNDC1,7.607425693806939,27.258633090564043,21.134243012996535,7.607425693806939,14.370834353401737,15.595712368915239
CBLL2,13.5477129382271,8.28123816480446,25.74709777247644,17.645105848243308,12.20617542409149,15.48546602956856
NR2C2,7.607425693806939,18.964914061782192,17.34219488451988,21.139841092589712,11.08160891653842,15.227196929847429
HDAC7,14.370834353401737,19.369499000624604,13.750803923193274,14.10537763704106,14.370834353401737,15.193469853532482
UBA2,22.050103177911907,15.280385080807394,13.318855954285272,7.748747366876529,17.440896461936056,15.167797608363431
LY6G5B,14.370834353401737,18.419481210547108,13.48533617870821,14.370834353401737,14.370834353401737,15.003464089892105
SGIP1,17.756767263972762,12.969835487368139,3.7291077963167876,18.873133705672856,21.134243012996535,14.892617453265416
CHEK1,23.939924219773786,8.372967830654694,10.142296116186369,18.87431607570705,11.676616142344095,14.6012240769332
DCAF1,18.477268084202226,19.535262160360148,5.993372771117297,7.607425693806939,18.418514288566694,14.00636859961066
ZNF618,7.607425693806939,9.032012912021296,23.93781266693797,21.134243012996535,7.607425693806939,13.863783995913936
CTAGE1,10.060947429938508,21.069530658429343,10.45060515177413,25.070069652360598,2.663296366668002,13.862889851834117
LXN,10.937796311344211,7.962864924442578,22.403196233957665,3.5148223993776004,22.258460933180835,13.415428160460579
PLIN3,7.607425693806939,10.091664560015973,10.004890736156028,24.826656353641056,14.370834353401737,13.380294339404347
C17orf58,16.965602517510558,17.0013427351918,11.75082491146964,4.907223653119458,13.870220055408526,12.899042774539996
NALF1,11.152142882448754,9.88362624631693,12.479247365132348,21.134243012996535,7.607425693806939,12.451337040140302
FTMT,10.752648928983271,18.175219776685054,6.181747832183985,22.00332428285764,4.819060443598082,12.386400252861607
LRRC61,14.370834353401737,7.009684774953649,3.14261153672989,7.607425693806939,24.948691534612326,11.415849578700907
KBTBD13,14.370834353401737,4.801731113560821,7.607425693806939,14.370834353401737,14.370834353401737,11.104331973514594
RNF223,7.607425693806939,14.750311726306679,16.686752382623254,7.607425693806939,7.607425693806939,10.85186823807015
